,mae,medae
0,46.039387,21.808655
