mae,medae,fold
45.62051,21.968353,0
45.98682,21.986542,1
46.485157,22.19574,2
45.803574,22.184753,3
46.515766,22.007324,4
